ResponseID,UserID,Cluster,Review_age,Review_political,Review_religious,chose_lawful
229NsPrMax9tEsp9B,3951560633874431.0,1,,0.5,0.5,1
229NsPrMax9tEsp9B,3951560633874431.0,1,,0.5,0.5,0
22AigZA8MLzpQQzQe,4240206326455680.0,2,,0.5,0.5,1
22AigZA8MLzpQQzQe,4240206326455680.0,2,,0.5,0.5,0
22HPaG4jSKvWpBgJw,7585594900352910.0,0,,0.5,0.5,0
22HPaG4jSKvWpBgJw,7585594900352910.0,0,,0.5,0.5,1
22LKrYhE7JzrXtaAA,1896373256721620.0,2,,1.0,0.0,1
22LKrYhE7JzrXtaAA,1896373256721620.0,2,,1.0,0.0,0
22P3dra3MkwcnPkht,1939813669309250.0,0,,0.5,0.12,1
22P3dra3MkwcnPkht,1939813669309250.0,0,,0.5,0.12,0
22SMQMS6Z3RtPhZBv,9029535532499120.0,0,,0.5,0.5,1
22SMQMS6Z3RtPhZBv,9029535532499120.0,0,,0.5,0.5,0
22T2ZMxpxoJ8pxv5h,2409154916318120.0,2,,0.5,0.5,0
22T2ZMxpxoJ8pxv5h,2409154916318120.0,2,,0.5,0.5,0
22TqarbzCJLzb6jxa,1447164266498730.0,0,,0.76,0.0,1
22TqarbzCJLzb6jxa,1447164266498730.0,0,,0.76,0.0,0
22YQ94Hdr2j6uZyBi,2636616738951170.0,0,,0.5,0.5,1
22YQ94Hdr2j6uZyBi,2636616738951170.0,0,,0.5,0.5,0
22ZkBijiyETHzs7j8,8984025399039490.0,2,,0.5,0.21,0
22ZkBijiyETHzs7j8,8984025399039490.0,2,,0.5,0.21,0
22rugyy8x65hQjsqN,9431820993213140.0,0,,0.5,0.5,0
22rugyy8x65hQjsqN,9431820993213140.0,0,,0.5,0.5,1
22sfDAPDXbYjRcmx8,998290726847213.0,0,,0.79,0.0,1
22sfDAPDXbYjRcmx8,998290726847213.0,0,,0.79,0.0,0
22uJ28aDipfxqibBs,961158016508538.0,0,,0.7,0.53,0
22uJ28aDipfxqibBs,961158016508538.0,0,,0.7,0.53,1
235gT42XmNDcsNNJA,2512378848780870.0,2,,0.27,0.0,1
235gT42XmNDcsNNJA,2512378848780870.0,2,,0.27,0.0,0
238CDfp3gqSPcenWB,7542582358743970.0,0,,0.68,0.68,1
238CDfp3gqSPcenWB,7542582358743970.0,0,,0.68,0.68,0
23CfPjvSpCmRd84bL,3369224176331260.0,0,,0.0,0.0,0
23CfPjvSpCmRd84bL,3369224176331260.0,0,,0.0,0.0,1
23EBZpE8m27F5FDe9,9573183220345530.0,0,,0.5,0.5,0
23EBZpE8m27F5FDe9,9573183220345530.0,0,,0.5,0.5,1
23GDWwdSLsrBuydGe,8831822112059779.0,0,,0.5,0.5,0
23GDWwdSLsrBuydGe,8831822112059779.0,0,,0.5,0.5,1
23JSkSgCuvpzmFxqk,1068974810151110.0,2,,0.5,0.5,0
23JSkSgCuvpzmFxqk,1068974810151110.0,2,,0.5,0.5,0
23KnReEjBt7pPfnsF,8477816123598370.0,0,,0.5,0.5,1
23KnReEjBt7pPfnsF,8477816123598370.0,0,,0.5,0.5,0
23jZfoDDv3FzdjHKL,8229489615235250.0,2,,0.83,0.0,0
23jZfoDDv3FzdjHKL,8229489615235250.0,2,,0.83,0.0,0
23o5nwLzjqAs3XaWk,5225147064433500.0,0,,0.58,0.0,0
23o5nwLzjqAs3XaWk,5225147064433500.0,0,,0.58,0.0,1
23swBLGtvWo2HsLgs,8887393196188840.0,2,,0.5,0.5,1
23swBLGtvWo2HsLgs,8887393196188840.0,2,,0.5,0.5,0
248rukhaMzdPMXyRo,4121349695769800.0,0,,0.5,0.5,0
248rukhaMzdPMXyRo,4121349695769800.0,0,,0.5,0.5,0
24ABsFNwz6uLbtAWN,4060833778616049.5,0,,1.0,0.0,0
24ABsFNwz6uLbtAWN,4060833778616049.5,0,,1.0,0.0,1
24CKZQC3n9FJA9Zcg,2550020228629300.0,0,,0.5,0.5,1
24CKZQC3n9FJA9Zcg,2550020228629300.0,0,,0.5,0.5,0
24EXykGgcHShjqo24,6045487688387880.0,0,,0.5,0.5,0
24EXykGgcHShjqo24,6045487688387880.0,0,,0.5,0.5,0
24FT9QDD53BmHgMgT,6525616551200130.0,0,,0.5,0.0,1
24FT9QDD53BmHgMgT,6525616551200130.0,0,,0.5,0.0,0
24aGXbCooAmL6MDKE,5401560556173210.0,0,,0.5,0.0,1
24aGXbCooAmL6MDKE,5401560556173210.0,0,,0.5,0.0,0
24bW4xjtZYW7r2xNx,8604973477070880.0,0,,0.61,0.65,1
24bW4xjtZYW7r2xNx,8604973477070880.0,0,,0.61,0.65,0
24c6LsA7ypRLWkoqN,1805920447048900.0,0,,1.0,0.0,1
24c6LsA7ypRLWkoqN,1805920447048900.0,0,,1.0,0.0,0
24erc7oEaKdXZRAth,5878661946178860.0,2,,0.5,0.5,0
24erc7oEaKdXZRAth,5878661946178860.0,2,,0.5,0.5,0
24p3yjJ3tXhckAi8t,3761531224008649.5,0,,0.5,0.56,0
24p3yjJ3tXhckAi8t,3761531224008649.5,0,,0.5,0.56,0
24zAQadbDcPpNu2mB,3163579115656800.0,0,,0.52,0.5,0
24zAQadbDcPpNu2mB,3163579115656800.0,0,,0.52,0.5,1
25GD8Tn3FZzB5dE6T,4625303976652540.0,1,,0.5,0.71,0
25GD8Tn3FZzB5dE6T,4625303976652540.0,1,,0.5,0.71,0
25NmfTASamjSe26ci,2594936499215230.0,1,,0.81,0.67,1
25NmfTASamjSe26ci,2594936499215230.0,1,,0.81,0.67,0
25dtXuNHpgDt8TjxD,5390285911921860.0,2,,0.5,0.5,1
25dtXuNHpgDt8TjxD,5390285911921860.0,2,,0.5,0.5,0
25xgjWNcyindqLgjk,3197331642706120.0,0,,0.5,0.5,0
25xgjWNcyindqLgjk,3197331642706120.0,0,,0.5,0.5,0
268YPHF8TkQdwtmDD,7540675889993299.0,1,,0.5,0.5,0
268YPHF8TkQdwtmDD,7540675889993299.0,1,,0.5,0.5,0
26GkxJQvhRpeimQrb,3324294824217750.0,2,,0.5,0.01,1
26GkxJQvhRpeimQrb,3324294824217750.0,2,,0.5,0.01,0
26HQCuo68xjpcQyb4,7028788226125810.0,0,,0.5,0.0,1
26HQCuo68xjpcQyb4,7028788226125810.0,0,,0.5,0.0,0
26L6Waba5CNdKRE9K,1788609068126150.0,0,,0.5,0.5,0
26L6Waba5CNdKRE9K,1788609068126150.0,0,,0.5,0.5,0
26MTjNP9HEYMX8Ysn,8286066012490419.0,0,,0.5,0.81,1
26MTjNP9HEYMX8Ysn,8286066012490419.0,0,,0.5,0.81,0
26MhPmhkwz6md8nww,2918174842851150.0,0,,0.5,0.5,1
26MhPmhkwz6md8nww,2918174842851150.0,0,,0.5,0.5,0
26Wg99XmrooBJnCiv,6506909519258740.0,0,,0.5,0.5,0
26Wg99XmrooBJnCiv,6506909519258740.0,0,,0.5,0.5,1
26WjxKZRhDss98NWg,5071602155239910.0,1,,0.73,0.18,0
26WjxKZRhDss98NWg,5071602155239910.0,1,,0.73,0.18,0
26YZC785tBJz766E2,1321744456620090.0,0,,0.5,0.5,1
26YZC785tBJz766E2,1321744456620090.0,0,,0.5,0.5,0
26dT8q7RmcasfmwYG,9177732160314920.0,0,,0.5,0.5,1
26dT8q7RmcasfmwYG,9177732160314920.0,0,,0.5,0.5,0
26duoeC7XtqCG6Qmi,8348780599797130.0,2,,0.5,0.5,1
26duoeC7XtqCG6Qmi,8348780599797130.0,2,,0.5,0.5,0
26pJi8hTirzbPPXSY,4458484182235500.0,0,,0.78,0.22,1
26pJi8hTirzbPPXSY,4458484182235500.0,0,,0.78,0.22,0
26r6Fjoc3FYjkHjMf,7182472783521910.0,0,,0.73,0.0,0
26r6Fjoc3FYjkHjMf,7182472783521910.0,0,,0.73,0.0,0
26yFGdYDeu4oc9NE2,9647151107457350.0,1,,0.5,0.5,1
26yFGdYDeu4oc9NE2,9647151107457350.0,1,,0.5,0.5,0
26z9698Aj3qZy2K3C,5879535705893780.0,0,,0.5,0.0,0
26z9698Aj3qZy2K3C,5879535705893780.0,0,,0.5,0.0,0
272qzfdwM4uRxZRnA,9157354350379530.0,0,,0.5,0.5,0
272qzfdwM4uRxZRnA,9157354350379530.0,0,,0.5,0.5,0
279kLjxHup5LHfaHa,5260592239770860.0,0,,0.5,0.5,0
279kLjxHup5LHfaHa,5260592239770860.0,0,,0.5,0.5,0
27WYyKEiGhPDXCRcG,9717320860579400.0,0,,0.5,0.5,1
27WYyKEiGhPDXCRcG,9717320860579400.0,0,,0.5,0.5,0
27ZE7FLnzT9E5DAhP,3807754315507249.5,0,,0.5,0.5,0
27ZE7FLnzT9E5DAhP,3807754315507249.5,0,,0.5,0.5,0
27avhwD6ssXbfsAJY,2179224048127030.0,0,,0.5,0.5,1
27avhwD6ssXbfsAJY,2179224048127030.0,0,,0.5,0.5,0
28FcQgTLz5Yv3Hwmv,1557015627622600.0,0,,0.5,0.5,1
28FcQgTLz5Yv3Hwmv,1557015627622600.0,0,,0.5,0.5,0
28LwyEBteXmbDsXeg,5985341130257990.0,0,,0.5,0.0,0
28LwyEBteXmbDsXeg,5985341130257990.0,0,,0.5,0.0,1
28PuFYtwqe9Yzrmr6,303120135224306.0,2,,1.0,0.78,0
28PuFYtwqe9Yzrmr6,303120135224306.0,2,,1.0,0.78,1
28QbbWvJAyppwqddb,3060238469103230.0,1,,0.5,0.5,1
28QbbWvJAyppwqddb,3060238469103230.0,1,,0.5,0.5,0
28SkWghMmXTgeDrgm,5911906368915470.0,2,,0.5,0.5,1
28SkWghMmXTgeDrgm,5911906368915470.0,2,,0.5,0.5,0
28Xk8ctMSXghZ7apf,3776462955055600.0,2,,0.64,0.65,1
28Xk8ctMSXghZ7apf,3776462955055600.0,2,,0.64,0.65,0
28bh6Jy5cxSPYixdo,4819464023511910.0,0,,0.5,0.33,1
28bh6Jy5cxSPYixdo,4819464023511910.0,0,,0.5,0.33,0
28dpcfG8nb4zxHqLA,7190484608285090.0,2,,0.5,0.5,1
28dpcfG8nb4zxHqLA,7190484608285090.0,2,,0.5,0.5,0
28iX9ECAY3sq38AkN,9817418409662380.0,0,,0.5,0.5,0
28iX9ECAY3sq38AkN,9817418409662380.0,0,,0.5,0.5,1
28zsqjf3HugjfBacn,2923998766274630.0,0,,0.5,0.5,1
28zsqjf3HugjfBacn,2923998766274630.0,0,,0.5,0.5,0
2995uMe3RPdxv4ABq,8010647525589.0,1,,0.5,0.5,0
2995uMe3RPdxv4ABq,8010647525589.0,1,,0.5,0.5,0
29SbRm3cbynAe3JFj,4998477885976140.0,2,,0.5,0.5,0
29SbRm3cbynAe3JFj,4998477885976140.0,2,,0.5,0.5,0
29Zehhz66iY5spg87,6572194727617080.0,0,,0.0,0.55,0
29Zehhz66iY5spg87,6572194727617080.0,0,,0.0,0.55,1
29fKKNXNy2cv2uvwL,1844887379185520.0,2,,0.5,0.5,0
29fKKNXNy2cv2uvwL,1844887379185520.0,2,,0.5,0.5,1
29fwdemCkQCTqac3A,7261749377262360.0,0,,0.5,0.51,0
29fwdemCkQCTqac3A,7261749377262360.0,0,,0.5,0.51,1
29mWMKNWSFyDB7ZaC,1802435926745280.0,2,,0.5,0.5,0
29mWMKNWSFyDB7ZaC,1802435926745280.0,2,,0.5,0.5,1
29tusFkmWy3a5KqrL,1513338518209810.0,2,,0.5,0.0,1
29tusFkmWy3a5KqrL,1513338518209810.0,2,,0.5,0.0,0
29vXndmSoYWNkdZrE,240135137624291.0,1,,0.5,0.5,0
29vXndmSoYWNkdZrE,240135137624291.0,1,,0.5,0.5,0
29vpJE96A8jYjLzbd,5380574089940640.0,0,,0.5,0.0,0
29vpJE96A8jYjLzbd,5380574089940640.0,0,,0.5,0.0,0
2AD9u5BF4TWPKzZ38,3874113954145711.0,2,,0.55,0.0,0
2AD9u5BF4TWPKzZ38,3874113954145711.0,2,,0.55,0.0,1
2AjR4FqG88pc5fm6D,5291428796249250.0,0,,0.7,0.18,0
2AjR4FqG88pc5fm6D,5291428796249250.0,0,,0.7,0.18,1
2AsCH3ynqegMXbahM,3989065434065169.5,0,,0.5,0.5,1
2AsCH3ynqegMXbahM,3989065434065169.5,0,,0.5,0.5,0
2Asok898eTSjSvPc2,9574904718089470.0,0,,0.5,0.0,0
2Asok898eTSjSvPc2,9574904718089470.0,0,,0.5,0.0,0
2B7vKb94cJW3qKPGj,7897046536672861.0,0,,0.5,0.5,0
2B7vKb94cJW3qKPGj,7897046536672861.0,0,,0.5,0.5,0
2BFktpLzoXfSyXH6M,3664915418431200.0,0,,0.5,0.5,0
2BFktpLzoXfSyXH6M,3664915418431200.0,0,,0.5,0.5,1
2BNxSW4FZPrZeXjQz,5345702559571550.0,0,,0.52,0.0,0
2BNxSW4FZPrZeXjQz,5345702559571550.0,0,,0.52,0.0,1
2BPTsun7MxAmP32SK,9890658879209830.0,0,,0.5,0.5,1
2BPTsun7MxAmP32SK,9890658879209830.0,0,,0.5,0.5,0
2BRgnsb2NaZD5uY73,8432288672476200.0,0,,0.5,1.0,1
2BRgnsb2NaZD5uY73,8432288672476200.0,0,,0.5,1.0,0
2Bh7P9MKaZwxthZbd,1663885579647990.0,2,,0.5,0.5,0
2Bh7P9MKaZwxthZbd,1663885579647990.0,2,,0.5,0.5,0
2BwxT4ugQJGfZgN33,5084295503951300.0,2,,0.5,0.5,0
2BwxT4ugQJGfZgN33,5084295503951300.0,2,,0.5,0.5,1
2BxCwjvJ9CvRTzMCP,3257233606658090.0,0,,0.88,0.0,0
2BxCwjvJ9CvRTzMCP,3257233606658090.0,0,,0.88,0.0,0
2C27dTgtT26LMChQy,269954592463523.0,0,,0.5,0.5,1
2C27dTgtT26LMChQy,269954592463523.0,0,,0.5,0.5,0
2C3QxCTikF3hRysHw,1394378487981450.0,2,,0.6,0.0,0
2C3QxCTikF3hRysHw,1394378487981450.0,2,,0.6,0.0,0
2C7KWWpDfyCNNKZaH,947843657810054.0,2,,1.0,1.0,0
2C7KWWpDfyCNNKZaH,947843657810054.0,2,,1.0,1.0,1
2C8d3pnsxvuJwTgTd,7844574339687821.0,2,,0.5,0.5,1
2C8d3pnsxvuJwTgTd,7844574339687821.0,2,,0.5,0.5,0
2CBZhbzEuEX9t2ktG,846387085894881.0,0,,0.5,0.5,0
2CBZhbzEuEX9t2ktG,846387085894881.0,0,,0.5,0.5,0
2CBkhbes7uMZdjNek,2071355585232470.0,0,,0.5,0.5,0
2CBkhbes7uMZdjNek,2071355585232470.0,0,,0.5,0.5,0
2CDpLM3nNvb8vWMAj,9910282312097700.0,0,,0.5,0.05,0
2CDpLM3nNvb8vWMAj,9910282312097700.0,0,,0.5,0.05,0
2CNWe3eJM5bcFLbRX,6453096484254610.0,0,,0.5,0.0,1
2CNWe3eJM5bcFLbRX,6453096484254610.0,0,,0.5,0.0,0
2CWqn3pvPdYmtxHPK,5853566787252150.0,0,,0.38,0.5,0
2CWqn3pvPdYmtxHPK,5853566787252150.0,0,,0.38,0.5,0
2CbQbe6bwZdD3DSGv,9888224322236380.0,2,,0.5,0.0,0
2CbQbe6bwZdD3DSGv,9888224322236380.0,2,,0.5,0.0,0
2CidSnh3ZfCnDMxo3,6852769487508760.0,0,,1.0,0.61,0
2CidSnh3ZfCnDMxo3,6852769487508760.0,0,,1.0,0.61,0
2Cs9QBi447xPkRu88,1802557560149580.0,0,,0.5,0.5,1
2Cs9QBi447xPkRu88,1802557560149580.0,0,,0.5,0.5,0
2DBvGaE23XpsHKgcm,2555345702902310.0,0,,0.0,0.5,0
2DBvGaE23XpsHKgcm,2555345702902310.0,0,,0.0,0.5,1
2DDmeAJd9KHdMjfHt,759084120807802.0,2,,0.5,0.5,1
2DDmeAJd9KHdMjfHt,759084120807802.0,2,,0.5,0.5,0
2DFtfhkPHXczd9qSZ,183405851776765.0,2,,0.5,0.5,1
2DFtfhkPHXczd9qSZ,183405851776765.0,2,,0.5,0.5,0
2DLSepyZ7zNipriya,7446506626903960.0,0,,1.0,0.04,1
2DLSepyZ7zNipriya,7446506626903960.0,0,,1.0,0.04,0
2DMcnpHKTfuHp53CQ,6923613576871680.0,0,,0.5,0.5,1
2DMcnpHKTfuHp53CQ,6923613576871680.0,0,,0.5,0.5,0
2DNJn9ndN8QWY7KFi,3012044841848210.0,0,,0.5,0.5,0
2DNJn9ndN8QWY7KFi,3012044841848210.0,0,,0.5,0.5,0
2Da23rLmWQvCm6qXy,309661974814385.0,0,,0.5,0.5,1
2Da23rLmWQvCm6qXy,309661974814385.0,0,,0.5,0.5,0
2Dar5TymxCk4QwuP2,3418111781603470.0,1,,0.5,0.5,1
2Dar5TymxCk4QwuP2,3418111781603470.0,1,,0.5,0.5,0
2Difwdw4Mv3XFX74L,3468720464902160.0,0,,0.54,0.0,1
2Difwdw4Mv3XFX74L,3468720464902160.0,0,,0.54,0.0,0
2DmZS35NdGKijs8cE,1737067159681840.0,0,,0.5,0.5,1
2DmZS35NdGKijs8cE,1737067159681840.0,0,,0.5,0.5,0
2Dp9zBy5aE666s5gs,2232324536502240.0,0,,0.32,0.7,0
2Dp9zBy5aE666s5gs,2232324536502240.0,0,,0.32,0.7,0
2DssdkFXsQ3yQ9ZDj,6559635917809990.0,0,,1.0,0.88,1
2DssdkFXsQ3yQ9ZDj,6559635917809990.0,0,,1.0,0.88,0
2EAJwe4EysDcDb3u3,4048469941118880.0,0,,0.69,0.37,0
2EAJwe4EysDcDb3u3,4048469941118880.0,0,,0.69,0.37,0
2EBcY3vf43u5b6Mgf,2717988723230310.0,2,,0.5,0.5,0
2EBcY3vf43u5b6Mgf,2717988723230310.0,2,,0.5,0.5,0
2EDkKdefajLprk2h3,9986012498848140.0,0,,0.5,0.5,1
2EDkKdefajLprk2h3,9986012498848140.0,0,,0.5,0.5,0
2EELHADFajbyQDmad,7115428203133790.0,2,,0.5,0.5,0
2EELHADFajbyQDmad,7115428203133790.0,2,,0.5,0.5,0
2EEwn8fXHT5SywSvM,811105008906276.0,2,,0.5,0.5,1
2EEwn8fXHT5SywSvM,811105008906276.0,2,,0.5,0.5,0
2EM9AkndokC8p9Rbi,4881584010298560.0,0,,0.5,0.87,1
2EM9AkndokC8p9Rbi,4881584010298560.0,0,,0.5,0.87,0
2EQjCpn2WvDdKXWjj,771395215513506.0,0,,0.54,0.6,1
2EQjCpn2WvDdKXWjj,771395215513506.0,0,,0.54,0.6,0
2EbDY6MKpohvvEBzz,8134531786754339.0,0,,0.72,0.65,1
2EbDY6MKpohvvEBzz,8134531786754339.0,0,,0.72,0.65,0
2EbtP7g8EY2uTfne3,2424398118943710.0,2,,0.5,0.5,0
2EbtP7g8EY2uTfne3,2424398118943710.0,2,,0.5,0.5,1
2Eh5zgZ8R74iptW2C,8923190486546950.0,2,,0.5,0.5,1
2Eh5zgZ8R74iptW2C,8923190486546950.0,2,,0.5,0.5,0
2Eue9R2WTC2CnEk69,5804899482430700.0,0,,0.5,0.5,0
2Eue9R2WTC2CnEk69,5804899482430700.0,0,,0.5,0.5,0
2F9ANpaw4EsjxgDza,4683981909011590.0,0,,0.5,0.5,0
2F9ANpaw4EsjxgDza,4683981909011590.0,0,,0.5,0.5,0
2FKMit3T2iJ3FeRG6,8248627458072221.0,0,,0.5,0.5,0
2FKMit3T2iJ3FeRG6,8248627458072221.0,0,,0.5,0.5,0
2FP6y5PaPyyxDmQ33,6323078493587670.0,0,,0.5,0.5,1
2FP6y5PaPyyxDmQ33,6323078493587670.0,0,,0.5,0.5,0
2FR98uuWt9fcc3X22,4697720490274960.0,0,,0.37,0.0,1
2FR98uuWt9fcc3X22,4697720490274960.0,0,,0.37,0.0,0
2FZ4obXpz8JciYK8W,7722299917361840.0,0,,0.5,0.71,1
2FZ4obXpz8JciYK8W,7722299917361840.0,0,,0.5,0.71,0
2FZgYrZ8nDdEo74cM,8348780599797130.0,2,,0.5,0.5,1
2FZgYrZ8nDdEo74cM,8348780599797130.0,2,,0.5,0.5,0
2G4toX8phuvmYQre7,891972904326666.0,0,,0.5,0.5,0
2G4toX8phuvmYQre7,891972904326666.0,0,,0.5,0.5,0
2GL2wHXfEsJtxFvDZ,8401741197598259.0,2,,0.5,0.5,1
2GL2wHXfEsJtxFvDZ,8401741197598259.0,2,,0.5,0.5,0
2GNmnZjFJL6ujB6vQ,3940982396048280.0,0,,0.5,0.94,1
2GNmnZjFJL6ujB6vQ,3940982396048280.0,0,,0.5,0.94,0
2GRdPDovmb4QhmC6A,9157527069004220.0,2,,0.5,0.5,0
2GRdPDovmb4QhmC6A,9157527069004220.0,2,,0.5,0.5,0
2GX2vZ63dysGtSRod,9117055741817350.0,0,,0.79,0.0,1
2GX2vZ63dysGtSRod,9117055741817350.0,0,,0.79,0.0,0
2GXEST2K64KjRgk5p,91671962090125.0,0,,0.5,0.5,1
2GXEST2K64KjRgk5p,91671962090125.0,0,,0.5,0.5,0
2GYSE9cpK99W6LG6p,7136898941768700.0,0,,1.0,0.5,1
2GYSE9cpK99W6LG6p,7136898941768700.0,0,,1.0,0.5,0
2GYrLtiPDDNtMXrZ6,8750689424116690.0,0,,0.5,0.5,0
2GYrLtiPDDNtMXrZ6,8750689424116690.0,0,,0.5,0.5,0
2GeNBEogszMoRHXbb,8805581292262320.0,0,,0.5,0.5,1
2GeNBEogszMoRHXbb,8805581292262320.0,0,,0.5,0.5,0
2GyFLLrXAfi69nWHi,5816014402871080.0,2,,0.08,0.5,1
2GyFLLrXAfi69nWHi,5816014402871080.0,2,,0.08,0.5,0
2GygQ6SKaNZaP6bE4,3567487049116980.0,0,,0.5,0.5,1
2GygQ6SKaNZaP6bE4,3567487049116980.0,0,,0.5,0.5,0
2HB6ftCYPiieSryho,5925115112376470.0,0,,0.5,0.5,1
2HB6ftCYPiieSryho,5925115112376470.0,0,,0.5,0.5,0
2HJmDPNhRd344BEu4,6987534932671150.0,0,,0.5,0.5,1
2HJmDPNhRd344BEu4,6987534932671150.0,0,,0.5,0.5,0
2Hbon6fj3X7qD2kEu,6620596826072220.0,0,,0.5,0.5,1
2Hbon6fj3X7qD2kEu,6620596826072220.0,0,,0.5,0.5,0
2HdqBy7Q2tTvczvNY,1794408724488380.0,0,,0.5,0.5,0
2HdqBy7Q2tTvczvNY,1794408724488380.0,0,,0.5,0.5,0
2Hkqq9cJY7hPpmATq,3362299714985850.0,0,,0.5,0.5,1
2Hkqq9cJY7hPpmATq,3362299714985850.0,0,,0.5,0.5,0
2Hszt3QrPeJRt9C39,9541552299204370.0,2,,0.5,0.5,0
2Hszt3QrPeJRt9C39,9541552299204370.0,2,,0.5,0.5,0
2HwH82KZfbYbmc2io,9210514548412450.0,0,,0.5,0.5,0
2HwH82KZfbYbmc2io,9210514548412450.0,0,,0.5,0.5,0
2HzzgPpKCnTtxAWzB,8636724296944370.0,2,,0.77,0.64,1
2HzzgPpKCnTtxAWzB,8636724296944370.0,2,,0.77,0.64,0
2J78Njpm6g58mtAkH,1890944259649750.0,0,,0.5,0.5,0
2J78Njpm6g58mtAkH,1890944259649750.0,0,,0.5,0.5,0
2JBXfsGDxRWcvy4aq,2004617128953210.0,0,,0.5,0.72,0
2JBXfsGDxRWcvy4aq,2004617128953210.0,0,,0.5,0.72,0
2JD2N7kEKkA5GrNvi,8710158924352210.0,2,,0.67,0.0,1
2JD2N7kEKkA5GrNvi,8710158924352210.0,2,,0.67,0.0,0
2JQoGFT2yaxAFRLMX,5720303122717870.0,0,,1.0,0.06,0
2JQoGFT2yaxAFRLMX,5720303122717870.0,0,,1.0,0.06,1
2JR8CA8KmiruHvGvr,47854724863343.0,2,,0.5,0.53,1
2JR8CA8KmiruHvGvr,47854724863343.0,2,,0.5,0.53,0
2JYwG7BvHQLacMfTs,564296640772379.0,0,,0.5,0.5,1
2JYwG7BvHQLacMfTs,564296640772379.0,0,,0.5,0.5,0
2JttySuAaeJXjKMA5,5160052892846460.0,0,,0.5,0.62,1
2JttySuAaeJXjKMA5,5160052892846460.0,0,,0.5,0.62,0
2Jy4Kfm4HRquSNaBm,9040619669759020.0,0,,0.5,0.5,1
2Jy4Kfm4HRquSNaBm,9040619669759020.0,0,,0.5,0.5,0
2K22dwhjpva6eeAuZ,4512928622720660.0,2,,1.0,1.0,0
2K22dwhjpva6eeAuZ,4512928622720660.0,2,,1.0,1.0,0
2Kaopjy3yH7oq2XnT,8013588793566541.0,0,,0.5,0.5,0
2Kaopjy3yH7oq2XnT,8013588793566541.0,0,,0.5,0.5,0
2KcbfZ4998DSzRCuL,8770883337799250.0,0,,0.39,0.5,0
2KcbfZ4998DSzRCuL,8770883337799250.0,0,,0.39,0.5,1
2KkebMbtPCbnyEe6K,5614546928212240.0,0,,0.5,0.5,1
2KkebMbtPCbnyEe6K,5614546928212240.0,0,,0.5,0.5,0
2KoPh7w2m8uyc8Qdi,1826224141814520.0,0,,0.5,0.5,1
2KoPh7w2m8uyc8Qdi,1826224141814520.0,0,,0.5,0.5,0
2KpMYEXnuyrK67EoW,2314495348745070.0,0,,0.5,0.5,0
2KpMYEXnuyrK67EoW,2314495348745070.0,0,,0.5,0.5,0
2KxHenvcKuv7odXDd,700720125044441.0,0,,0.5,0.5,1
2KxHenvcKuv7odXDd,700720125044441.0,0,,0.5,0.5,0
2L7Ep2mBZAr6o4XTf,6744628000317380.0,0,,1.0,0.0,0
2L7Ep2mBZAr6o4XTf,6744628000317380.0,0,,1.0,0.0,1
2LJvS8Psefk9WyPt7,5901079810735950.0,0,,0.5,0.0,1
2LJvS8Psefk9WyPt7,5901079810735950.0,0,,0.5,0.0,0
2LXeNKa8eaPxXhWZD,8494751520730370.0,1,,0.5,0.5,0
2LXeNKa8eaPxXhWZD,8494751520730370.0,1,,0.5,0.5,1
2LZAPzXaWfh4LnpHJ,4556260540986580.0,0,,0.81,0.31,0
2LZAPzXaWfh4LnpHJ,4556260540986580.0,0,,0.81,0.31,0
2LfX344XszeGuBRde,9613553729570740.0,2,,0.5,0.5,1
2LfX344XszeGuBRde,9613553729570740.0,2,,0.5,0.5,0
2Lg6JfZsd2LcaHRHc,5674311724010530.0,2,,0.5,0.5,0
2Lg6JfZsd2LcaHRHc,5674311724010530.0,2,,0.5,0.5,1
2LobviSnFqk6Gkb5L,2308709188147060.0,0,,0.5,0.5,1
2LobviSnFqk6Gkb5L,2308709188147060.0,0,,0.5,0.5,0
2LophB8gy6sX8fgbq,5848815073964680.0,2,,0.5,0.5,1
2LophB8gy6sX8fgbq,5848815073964680.0,2,,0.5,0.5,0
2LqRfhQnFfy4L9Tbv,5967935099095690.0,0,,0.5,0.5,1
2LqRfhQnFfy4L9Tbv,5967935099095690.0,0,,0.5,0.5,0
2LsFPhGunn8tXXkAb,9864396957507300.0,2,,0.5,0.5,1
2LsFPhGunn8tXXkAb,9864396957507300.0,2,,0.5,0.5,0
2LtRn78g7wSdSwaXd,7620462942872880.0,0,,0.5,0.5,1
2LtRn78g7wSdSwaXd,7620462942872880.0,0,,0.5,0.5,0
2LuWeJ82yZmjZ27NT,8982050258770650.0,2,,0.5,0.5,1
2LuWeJ82yZmjZ27NT,8982050258770650.0,2,,0.5,0.5,0
2LwQNXDCNcHyMRsdb,1220412508793800.0,2,,0.64,0.0,0
2LwQNXDCNcHyMRsdb,1220412508793800.0,2,,0.64,0.0,1
2M2GHWQfuZABavxBH,5972118174608060.0,2,,0.5,0.5,0
2M2GHWQfuZABavxBH,5972118174608060.0,2,,0.5,0.5,0
2MH3tfpBMKf3Wbp8B,2983535717668210.0,0,,1.0,0.0,0
2MH3tfpBMKf3Wbp8B,2983535717668210.0,0,,1.0,0.0,0
2MLsraJeQo6QpBLgv,7005646441290130.0,1,,0.5,0.5,0
2MLsraJeQo6QpBLgv,7005646441290130.0,1,,0.5,0.5,0
2Mfy9T2DiCD9Kqgym,3147236170768960.0,2,,0.59,0.0,0
2Mfy9T2DiCD9Kqgym,3147236170768960.0,2,,0.59,0.0,0
2MgsepA9eiJYvqv4H,8870883608080419.0,0,,0.93,0.18,0
2MgsepA9eiJYvqv4H,8870883608080419.0,0,,0.93,0.18,0
2Mhv8rqCCmN9GEumw,7723620077785690.0,0,,0.5,0.71,0
2Mhv8rqCCmN9GEumw,7723620077785690.0,0,,0.5,0.71,1
2Mma7GyKYiz4XT7w4,1055700634606180.0,2,,0.58,0.2,0
2Mma7GyKYiz4XT7w4,1055700634606180.0,2,,0.58,0.2,0
2Mnhx5SswvZLqbdc5,742747688559546.0,0,,0.5,0.5,1
2Mnhx5SswvZLqbdc5,742747688559546.0,0,,0.5,0.5,0
2MoeC5DDK8g8kimF5,803046255942578.0,0,,0.3,0.12,0
2MoeC5DDK8g8kimF5,803046255942578.0,0,,0.3,0.12,0
2MqxaoChSSDDhipdp,9307934614398980.0,0,,0.5,0.5,0
2MqxaoChSSDDhipdp,9307934614398980.0,0,,0.5,0.5,0
2Ms84eq5XoMAt944f,3677322706799680.0,0,,0.5,0.5,1
2Ms84eq5XoMAt944f,3677322706799680.0,0,,0.5,0.5,0
2N2hdo2FoiGiDD9qg,3873757229407640.0,0,,0.83,0.74,0
2N2hdo2FoiGiDD9qg,3873757229407640.0,0,,0.83,0.74,1
2N3HjoEkewTdpbxxP,6375889717850140.0,0,,0.5,0.5,0
2N3HjoEkewTdpbxxP,6375889717850140.0,0,,0.5,0.5,0
2N4SCbKr4sxhHkWzY,1780103242876500.0,2,,1.0,0.0,1
2N4SCbKr4sxhHkWzY,1780103242876500.0,2,,1.0,0.0,0
2N4gx88q4ChmaNou2,2259744226629940.0,0,,0.5,0.5,0
2N4gx88q4ChmaNou2,2259744226629940.0,0,,0.5,0.5,0
2N9WCxpGWbQ3jQSNw,3093767416696300.0,0,,0.37,0.0,0
2N9WCxpGWbQ3jQSNw,3093767416696300.0,0,,0.37,0.0,1
2NBE94Y8ir5fJCeGm,8693482327777021.0,0,,0.5,0.5,0
2NBE94Y8ir5fJCeGm,8693482327777021.0,0,,0.5,0.5,1
2NT64NmBMXEMoxmfA,6455190135946670.0,2,,0.0,0.0,1
2NT64NmBMXEMoxmfA,6455190135946670.0,2,,0.0,0.0,0
2NhKc9aiwtEtTTq3X,6304208608651.0,1,,0.5,0.5,1
2NhKc9aiwtEtTTq3X,6304208608651.0,1,,0.5,0.5,0
2Nkp523AnwdsrANgz,1813973586230010.0,0,,0.5,0.5,1
2Nkp523AnwdsrANgz,1813973586230010.0,0,,0.5,0.5,0
2NpvzguntJcXQYwnK,2705451305882160.0,0,,1.0,0.0,1
2NpvzguntJcXQYwnK,2705451305882160.0,0,,1.0,0.0,0
2Nv767z4PcGmoQcko,7168421160712840.0,2,,0.5,0.5,1
2Nv767z4PcGmoQcko,7168421160712840.0,2,,0.5,0.5,0
2P2MxBboDixtsKEyK,2897368475223590.0,0,,1.0,1.0,0
2P2MxBboDixtsKEyK,2897368475223590.0,0,,1.0,1.0,1
2P5rkeHQ3EDT8LHdW,9792586121306370.0,0,,0.0,1.0,0
2P5rkeHQ3EDT8LHdW,9792586121306370.0,0,,0.0,1.0,1
2PJa3PShdWssTYfSt,2350458365076330.0,2,,0.5,0.5,0
2PJa3PShdWssTYfSt,2350458365076330.0,2,,0.5,0.5,0
2PNE5cv6CLzvax5vD,4580269329399840.0,2,,0.53,0.5,1
2PNE5cv6CLzvax5vD,4580269329399840.0,2,,0.53,0.5,0
2PQJRdbE3wSzQXL9D,2692732773496020.0,0,,0.5,0.5,1
2PQJRdbE3wSzQXL9D,2692732773496020.0,0,,0.5,0.5,0
2PSN435b5b9vdpSqC,1436991012645840.0,0,,0.5,0.0,0
2PSN435b5b9vdpSqC,1436991012645840.0,0,,0.5,0.0,0
2PaCeqvbhGiFyuEtK,2164698271080850.0,0,,0.5,0.0,1
2PaCeqvbhGiFyuEtK,2164698271080850.0,0,,0.5,0.0,0
2PafK7cS6SFeiowci,4109563526655920.0,1,,0.5,0.5,0
2PafK7cS6SFeiowci,4109563526655920.0,1,,0.5,0.5,1
2PhQP4CrLXweJpnPS,2825333765646210.0,2,,0.5,0.65,1
2PhQP4CrLXweJpnPS,2825333765646210.0,2,,0.5,0.65,0
2PoRRDbHyjpBBirhC,8515936353878810.0,0,,0.5,0.5,1
2PoRRDbHyjpBBirhC,8515936353878810.0,0,,0.5,0.5,0
2Q7B5GfNKmyfYQHSg,8963302391410030.0,0,,1.0,1.0,0
2Q7B5GfNKmyfYQHSg,8963302391410030.0,0,,1.0,1.0,0
2Q7raYwL65NKY2t4D,9571611877575950.0,0,,0.5,0.5,1
2Q7raYwL65NKY2t4D,9571611877575950.0,0,,0.5,0.5,0
2Q9Xz5XNaKjhByJPR,8646185520656910.0,0,,0.5,0.5,1
2Q9Xz5XNaKjhByJPR,8646185520656910.0,0,,0.5,0.5,0
2QABLvy39yYitpmFw,2202414841790490.0,0,,0.83,0.0,1
2QABLvy39yYitpmFw,2202414841790490.0,0,,0.83,0.0,0
2QEGBFGbMnomk8C8N,6498434418329720.0,0,,0.5,0.5,1
2QEGBFGbMnomk8C8N,6498434418329720.0,0,,0.5,0.5,0
2QPQRSKkvGGunNBpw,4084162573608080.0,0,,0.5,0.5,0
2QPQRSKkvGGunNBpw,4084162573608080.0,0,,0.5,0.5,1
2QRtSSx6DkyYjkdcA,410695699823353.0,0,,0.2,0.29,1
2QRtSSx6DkyYjkdcA,410695699823353.0,0,,0.2,0.29,0
2QSapmN2pwsCkZDms,4404933630918849.5,1,,0.5,0.5,1
2QSapmN2pwsCkZDms,4404933630918849.5,1,,0.5,0.5,0
2QSrvGpkCC6E7Yg8p,4925439617868490.0,0,,0.5,0.5,0
2QSrvGpkCC6E7Yg8p,4925439617868490.0,0,,0.5,0.5,0
2QZAf3wihSb247ZFD,9766687921113330.0,2,,0.5,0.5,1
2QZAf3wihSb247ZFD,9766687921113330.0,2,,0.5,0.5,0
2QeEmwAmf7tPSSoLY,5462080684505030.0,0,,0.5,0.5,0
2QeEmwAmf7tPSSoLY,5462080684505030.0,0,,0.5,0.5,0
2QkTQKJwXYi4rjucF,6144583046268910.0,0,,0.5,0.75,0
2QkTQKJwXYi4rjucF,6144583046268910.0,0,,0.5,0.75,1
2Qm89Fyz6LYGRanJ8,8701460400873440.0,0,,0.79,0.64,0
2Qm89Fyz6LYGRanJ8,8701460400873440.0,0,,0.79,0.64,1
2QqgdicDbgB5KjsYR,3334974968572110.0,0,,0.5,0.5,1
2QqgdicDbgB5KjsYR,3334974968572110.0,0,,0.5,0.5,0
2QvG9vASTK4QRueJH,730444752700549.0,1,,0.74,0.78,0
2QvG9vASTK4QRueJH,730444752700549.0,1,,0.74,0.78,1
2QwNJwDAuz9S7nKfx,7151898649364220.0,1,,0.5,0.5,0
2QwNJwDAuz9S7nKfx,7151898649364220.0,1,,0.5,0.5,1
2QyMaH4n6LwdDpBu5,4376679747229120.0,0,,0.5,0.5,1
2QyMaH4n6LwdDpBu5,4376679747229120.0,0,,0.5,0.5,0
2R3jwGWSa7qFXb9xF,5739264275811070.0,0,,0.72,0.0,1
2R3jwGWSa7qFXb9xF,5739264275811070.0,0,,0.72,0.0,0
2R9oaLPKizH3Ra8tw,6737878195523920.0,0,,0.0,0.5,1
2R9oaLPKizH3Ra8tw,6737878195523920.0,0,,0.0,0.5,0
2RBvPxkiKAg6KxQvi,904557759021849.0,0,,0.5,0.5,1
2RBvPxkiKAg6KxQvi,904557759021849.0,0,,0.5,0.5,0
2RCA2aFzoFbF5HsAb,4470116058039180.0,0,,1.0,0.38,0
2RCA2aFzoFbF5HsAb,4470116058039180.0,0,,1.0,0.38,1
2REhvEPFRxCnDc7hp,9886012910181730.0,0,,0.25,0.09,1
2REhvEPFRxCnDc7hp,9886012910181730.0,0,,0.25,0.09,0
2RPvuFTEs2GNo7icR,8365538774523890.0,0,,0.5,0.5,1
2RPvuFTEs2GNo7icR,8365538774523890.0,0,,0.5,0.5,0
2RcxcJEzxdCKpiyaq,4096907270651329.5,0,,0.5,0.5,1
2RcxcJEzxdCKpiyaq,4096907270651329.5,0,,0.5,0.5,0
2RrXmjqgrR3Fowx6x,4218043946791511.0,0,,0.5,0.5,1
2RrXmjqgrR3Fowx6x,4218043946791511.0,0,,0.5,0.5,0
2RsqqBN3ysgvzaZw3,8712778925270160.0,0,,0.5,0.22,0
2RsqqBN3ysgvzaZw3,8712778925270160.0,0,,0.5,0.22,0
2Rw2TRDYwu5FR8euz,8801240112200650.0,2,,0.5,0.5,0
2Rw2TRDYwu5FR8euz,8801240112200650.0,2,,0.5,0.5,0
2RzoYLNKwnCezkHDd,3728883310132080.0,0,,0.5,0.5,0
2RzoYLNKwnCezkHDd,3728883310132080.0,0,,0.5,0.5,0
2S3QteSJYYTdmKY6G,4926708946483970.0,2,,0.5,0.5,1
2S3QteSJYYTdmKY6G,4926708946483970.0,2,,0.5,0.5,0
2S7ZtSkaEQe8Jk77W,5008671228532830.0,0,,0.5,0.5,0
2S7ZtSkaEQe8Jk77W,5008671228532830.0,0,,0.5,0.5,0
2SFpmooNGTrJGyu3G,3797069073569600.0,0,,0.48,0.5,1
2SFpmooNGTrJGyu3G,3797069073569600.0,0,,0.48,0.5,0
2SSrzY2FP6q2999rM,4910091324499300.0,1,,0.5,0.5,1
2SSrzY2FP6q2999rM,4910091324499300.0,1,,0.5,0.5,0
2Sk5ffANqZgLxkKE8,1927164280664590.0,0,,0.5,0.5,0
2Sk5ffANqZgLxkKE8,1927164280664590.0,0,,0.5,0.5,0
2SpywLPvxb7bPReRE,9487168671764910.0,0,,0.5,0.5,0
2SpywLPvxb7bPReRE,9487168671764910.0,0,,0.5,0.5,0
2TA4cBrYRaC8CfEW6,73743705896160.0,0,,0.27,0.5,0
2TA4cBrYRaC8CfEW6,73743705896160.0,0,,0.27,0.5,0
2TBtnKjtYmRasimHa,5012155114966660.0,2,,0.5,0.5,0
2TBtnKjtYmRasimHa,5012155114966660.0,2,,0.5,0.5,0
2TKoASYNPym4mvTPp,9096819962680980.0,0,,0.5,0.5,1
2TKoASYNPym4mvTPp,9096819962680980.0,0,,0.5,0.5,0
2TPT3rkbc2Jm8GieF,9314559445959550.0,0,,0.79,0.0,0
2TPT3rkbc2Jm8GieF,9314559445959550.0,0,,0.79,0.0,0
2TnJMjCsY4wDqyR3W,449308314914511.0,0,,0.5,0.0,1
2TnJMjCsY4wDqyR3W,449308314914511.0,0,,0.5,0.0,0
2TsKigZwbKAuStrkg,3039473537691390.0,0,,1.0,0.0,1
2TsKigZwbKAuStrkg,3039473537691390.0,0,,1.0,0.0,0
2TxHxm5kRbNgYmhK3,8204377929543520.0,0,,0.59,0.29,1
2TxHxm5kRbNgYmhK3,8204377929543520.0,0,,0.59,0.29,0
2W8JBNeGXF6zbfLdY,2157172695472690.0,0,,0.5,0.5,1
2W8JBNeGXF6zbfLdY,2157172695472690.0,0,,0.5,0.5,0
2WT3JhcLQpWwYRM6c,4064118976427120.0,0,,0.5,0.5,1
2WT3JhcLQpWwYRM6c,4064118976427120.0,0,,0.5,0.5,0
2WTcPJ6LPGauaeNwJ,7899588921017939.0,0,,0.0,0.0,0
2WTcPJ6LPGauaeNwJ,7899588921017939.0,0,,0.0,0.0,1
2WX3LaaifsK9tQxkh,3104990443722040.0,2,,0.5,0.5,0
2WX3LaaifsK9tQxkh,3104990443722040.0,2,,0.5,0.5,0
2WXfuxBNEP8yW5XbF,6649757330305870.0,1,,0.5,0.5,0
2WXfuxBNEP8yW5XbF,6649757330305870.0,1,,0.5,0.5,0
2WjPHzTyNviG4kjSm,1661872398320770.0,1,,0.75,0.22,1
2WjPHzTyNviG4kjSm,1661872398320770.0,1,,0.75,0.22,0
2WksybLq3CwhqmyaA,2646773481552130.0,0,,0.74,0.0,1
2WksybLq3CwhqmyaA,2646773481552130.0,0,,0.74,0.0,0
2WtH4PDEF4yCBdFFP,7825658687296210.0,0,,0.5,0.5,0
2WtH4PDEF4yCBdFFP,7825658687296210.0,0,,0.5,0.5,1
2WwBrk7FN6r6DFNj2,9246448335557290.0,2,,0.5,0.5,0
2WwBrk7FN6r6DFNj2,9246448335557290.0,2,,0.5,0.5,0
2WyfkuugpZEEjpoSb,5442707977701250.0,0,,0.5,1.0,0
2WyfkuugpZEEjpoSb,5442707977701250.0,0,,0.5,1.0,1
2X2B2ireN4i8thdiy,1218887860972570.0,0,,1.0,0.0,0
2X2B2ireN4i8thdiy,1218887860972570.0,0,,1.0,0.0,0
2X5R3DQENme2ZMjMy,7632967669691890.0,0,,0.5,0.5,0
2X5R3DQENme2ZMjMy,7632967669691890.0,0,,0.5,0.5,1
2X5YYWRGcAu4gvq38,3930258538972569.5,0,,0.5,0.5,1
2X5YYWRGcAu4gvq38,3930258538972569.5,0,,0.5,0.5,0
2X6G5uXPpeBkrjq3b,6947743833699620.0,0,,0.5,0.5,1
2X6G5uXPpeBkrjq3b,6947743833699620.0,0,,0.5,0.5,0
2X8TszJD9Hjzq5fBc,4531951889989750.0,2,,0.5,0.5,0
2X8TszJD9Hjzq5fBc,4531951889989750.0,2,,0.5,0.5,0
2X9wFBx2mhciPs2L4,1782639876119970.0,0,,0.73,0.45,0
2X9wFBx2mhciPs2L4,1782639876119970.0,0,,0.73,0.45,1
2XAkGMz87yGow3zRX,7912087007918370.0,2,,0.0,0.0,1
2XAkGMz87yGow3zRX,7912087007918370.0,2,,0.0,0.0,0
2XDx65jGnMviKe3PJ,1767667557578530.0,2,,0.5,0.5,0
2XDx65jGnMviKe3PJ,1767667557578530.0,2,,0.5,0.5,0
2XShjkcwhibM7cvRB,5909436877939570.0,0,,0.0,0.5,0
2XShjkcwhibM7cvRB,5909436877939570.0,0,,0.0,0.5,1
2XWA2rBNwMg8nou6n,3339493966337420.0,0,,0.88,0.3,1
2XWA2rBNwMg8nou6n,3339493966337420.0,0,,0.88,0.3,0
2XbQukC5JmhPiXZcu,7031101896363830.0,0,,1.0,0.0,1
2XbQukC5JmhPiXZcu,7031101896363830.0,0,,1.0,0.0,0
2XkBN9jBCaBm74NkS,1347426470050240.0,2,,0.5,0.5,1
2XkBN9jBCaBm74NkS,1347426470050240.0,2,,0.5,0.5,0
2XqLXaDn8rmRj6wHQ,4764685435394550.0,2,,0.92,0.74,0
2XqLXaDn8rmRj6wHQ,4764685435394550.0,2,,0.92,0.74,1
2XrqJbPNS2Gpoeg7h,725017100447462.0,0,,0.5,0.5,0
2XrqJbPNS2Gpoeg7h,725017100447462.0,0,,0.5,0.5,1
2XtR97qTFfTng2K6s,6513145424333840.0,2,,0.5,0.5,0
2XtR97qTFfTng2K6s,6513145424333840.0,2,,0.5,0.5,1
2XvdjmT7adQPyQTQp,9658164897101670.0,0,,0.5,0.5,0
2XvdjmT7adQPyQTQp,9658164897101670.0,0,,0.5,0.5,1
2YDzzTgpSQP2EtnxB,7009384287385340.0,0,,0.5,0.5,1
2YDzzTgpSQP2EtnxB,7009384287385340.0,0,,0.5,0.5,0
2YFphZoBJETcpuKXN,4596189987078620.0,2,,0.5,0.5,0
2YFphZoBJETcpuKXN,4596189987078620.0,2,,0.5,0.5,1
2YHBodc4Mcpv2ttPK,8720683248413370.0,2,,0.5,0.5,1
2YHBodc4Mcpv2ttPK,8720683248413370.0,2,,0.5,0.5,0
2YTgKQ7kFifr8d5yz,8328138564372819.0,0,,0.5,0.5,0
2YTgKQ7kFifr8d5yz,8328138564372819.0,0,,0.5,0.5,1
2YYmWNLTBJBj39nBm,5191023066327980.0,0,,0.5,0.49,0
2YYmWNLTBJBj39nBm,5191023066327980.0,0,,0.5,0.49,0
2YacoHMXXQMasXbqM,5034081849156920.0,0,,0.5,0.5,0
2YacoHMXXQMasXbqM,5034081849156920.0,0,,0.5,0.5,0
2YgqxrPMqnzzFvXb2,6285615639233040.0,2,,0.5,0.5,0
2YgqxrPMqnzzFvXb2,6285615639233040.0,2,,0.5,0.5,0
2YnAPznLb9JbAw95D,1363271652362290.0,0,,0.5,0.25,0
2YnAPznLb9JbAw95D,1363271652362290.0,0,,0.5,0.25,0
2YoEbsSmPrzQM3R7W,3915456146200420.0,0,,0.5,0.0,0
2YoEbsSmPrzQM3R7W,3915456146200420.0,0,,0.5,0.0,1
2Yuuv2XaLMyQWDX5H,452499396722196.0,0,,0.42,0.34,1
2Yuuv2XaLMyQWDX5H,452499396722196.0,0,,0.42,0.34,0
2Z6h8ccackoCWw5qw,5067695723942670.0,0,,0.76,1.0,1
2Z6h8ccackoCWw5qw,5067695723942670.0,0,,0.76,1.0,0
2ZCpfppR8ENqWm553,2574156321653160.0,0,,0.5,1.0,1
2ZCpfppR8ENqWm553,2574156321653160.0,0,,0.5,1.0,0
2ZDofS2NYM8HgcxZt,6349006537413850.0,0,,0.5,0.5,0
2ZDofS2NYM8HgcxZt,6349006537413850.0,0,,0.5,0.5,0
2ZSBpR9zGEnTXp7MN,6536585332926060.0,0,,0.5,0.5,1
2ZSBpR9zGEnTXp7MN,6536585332926060.0,0,,0.5,0.5,0
2ZfWh8SQSgkE5vXpT,6195681955997300.0,0,,0.74,0.0,1
2ZfWh8SQSgkE5vXpT,6195681955997300.0,0,,0.74,0.0,0
2Zn85Mg2LWudDfcep,1947177640073700.0,2,,1.0,0.5,0
2Zn85Mg2LWudDfcep,1947177640073700.0,2,,1.0,0.5,1
2ZqbTcM4ZT9aZGXFn,140071077163699.0,0,,0.5,0.5,1
2ZqbTcM4ZT9aZGXFn,140071077163699.0,0,,0.5,0.5,0
2ZvwYJKMoFk7DdPoA,3069566351286110.0,2,,0.25,0.55,1
2ZvwYJKMoFk7DdPoA,3069566351286110.0,2,,0.25,0.55,0
2a3csX5ZbQgyJZCfG,4078687394630991.0,0,,0.5,0.0,0
2a3csX5ZbQgyJZCfG,4078687394630991.0,0,,0.5,0.0,0
2aAdGDdx7x539GdvD,5673604084548460.0,2,,0.5,0.5,0
2aAdGDdx7x539GdvD,5673604084548460.0,2,,0.5,0.5,1
2aAxYuqAHcvKBb856,206082319886847.0,2,,0.5,0.5,1
2aAxYuqAHcvKBb856,206082319886847.0,2,,0.5,0.5,0
2aCMNHJLxhcM5C3im,1207399438609290.0,0,,0.87,0.0,0
2aCMNHJLxhcM5C3im,1207399438609290.0,0,,0.87,0.0,1
2aDqA6oqqdcMthB8m,5392095516497010.0,2,,0.5,0.5,1
2aDqA6oqqdcMthB8m,5392095516497010.0,2,,0.5,0.5,0
2aJqhTNEMd3He2F74,9238075099389060.0,0,,0.5,0.5,1
2aJqhTNEMd3He2F74,9238075099389060.0,0,,0.5,0.5,0
2aLyr4NxfbKgsuRrT,6525974840025670.0,0,,0.73,0.0,1
2aLyr4NxfbKgsuRrT,6525974840025670.0,0,,0.73,0.0,0
2aMCCe37GSt8zBaWL,6217013687764940.0,0,,1.0,0.0,1
2aMCCe37GSt8zBaWL,6217013687764940.0,0,,1.0,0.0,0
2aRqq3Av2MQw5LhBi,7690006633687501.0,2,,0.5,0.5,1
2aRqq3Av2MQw5LhBi,7690006633687501.0,2,,0.5,0.5,0
2abQBgLXy3ciqBdfq,9105092918850340.0,2,,0.5,0.0,1
2abQBgLXy3ciqBdfq,9105092918850340.0,2,,0.5,0.0,0
2ahiPv9G8KpLP5yCn,8690759100116570.0,2,,1.0,1.0,1
2ahiPv9G8KpLP5yCn,8690759100116570.0,2,,1.0,1.0,0
2bCu3ZRe8v2XSKQHN,5488206150312620.0,0,,0.5,0.0,0
2bCu3ZRe8v2XSKQHN,5488206150312620.0,0,,0.5,0.0,0
2bExMvmuwpuvzuE9P,2877139101576850.0,0,,0.0,0.74,0
2bExMvmuwpuvzuE9P,2877139101576850.0,0,,0.0,0.74,1
2bMHYHCtRWTuNR2Bh,4221883658319711.0,1,,0.5,0.5,0
2bMHYHCtRWTuNR2Bh,4221883658319711.0,1,,0.5,0.5,1
2bTvZBp4hyPEawzNb,3431539884966350.0,0,,0.7,0.0,0
2bTvZBp4hyPEawzNb,3431539884966350.0,0,,0.7,0.0,0
2bg5SeTcM8nh48i34,8903530463360050.0,0,,0.5,0.75,0
2bg5SeTcM8nh48i34,8903530463360050.0,0,,0.5,0.75,0
2bx69KqenE7pCQFA9,4505076061581060.0,1,,0.96,0.0,1
2bx69KqenE7pCQFA9,4505076061581060.0,1,,0.96,0.0,0
2c6LLQNAfykhqLnfe,9967767433263360.0,1,,0.32,0.63,1
2c6LLQNAfykhqLnfe,9967767433263360.0,1,,0.32,0.63,0
2c7Gxrvo2C4XKDACX,1366927924332940.0,0,,0.0,0.5,0
2c7Gxrvo2C4XKDACX,1366927924332940.0,0,,0.0,0.5,1
2c8MCSsgc68pvzgFH,1162578663567810.0,0,,0.5,0.5,0
2c8MCSsgc68pvzgFH,1162578663567810.0,0,,0.5,0.5,0
2cH6HocmKtTYC4SNw,9595690297443080.0,2,,0.69,0.0,0
2cH6HocmKtTYC4SNw,9595690297443080.0,2,,0.69,0.0,1
2cPD4YZhzbPfC7drd,3206226648591650.0,0,,0.5,0.5,1
2cPD4YZhzbPfC7drd,3206226648591650.0,0,,0.5,0.5,0
2cQsfQeZaLgLwfz79,5071012716511280.0,0,,0.5,0.5,1
2cQsfQeZaLgLwfz79,5071012716511280.0,0,,0.5,0.5,0
2cR8oJpx67MqYjF8q,2409160992676050.0,0,,0.5,0.5,0
2cR8oJpx67MqYjF8q,2409160992676050.0,0,,0.5,0.5,0
2cWNWnJvF2XQ7wmS5,494680290594227.0,0,,0.39,1.0,0
2cWNWnJvF2XQ7wmS5,494680290594227.0,0,,0.39,1.0,1
2cXNGuosRjsg7Y72s,3791023244265929.5,0,,1.0,0.5,0
2cXNGuosRjsg7Y72s,3791023244265929.5,0,,1.0,0.5,1
2chSxtygieRPy8jHm,5150220863452340.0,2,,0.5,0.5,1
2chSxtygieRPy8jHm,5150220863452340.0,2,,0.5,0.5,0
2cugMaRLcLDR92zWQ,3608390677254649.5,0,,0.94,0.0,0
2cugMaRLcLDR92zWQ,3608390677254649.5,0,,0.94,0.0,0
2dFGhKSentxBke5st,2752724839064620.0,0,,0.5,0.5,1
2dFGhKSentxBke5st,2752724839064620.0,0,,0.5,0.5,0
2dH4WzoEcQ7Pzh3FX,3834711254748071.0,0,,0.49,0.5,0
2dH4WzoEcQ7Pzh3FX,3834711254748071.0,0,,0.49,0.5,1
2dJw5rwv6Rjp8H7My,4981234219038280.0,0,,0.5,0.5,0
2dJw5rwv6Rjp8H7My,4981234219038280.0,0,,0.5,0.5,1
2dQigXePZb9K5HYCB,2617037441464080.0,0,,0.5,0.23,1
2dQigXePZb9K5HYCB,2617037441464080.0,0,,0.5,0.23,0
2dQvAWLf9e3gm9KGc,2794146200835950.0,0,,0.5,0.5,1
2dQvAWLf9e3gm9KGc,2794146200835950.0,0,,0.5,0.5,0
2dbDCk4gXgaHHEpKt,5847817661275890.0,0,,0.5,0.5,0
2dbDCk4gXgaHHEpKt,5847817661275890.0,0,,0.5,0.5,1
2ddhwkCN7ZXQmFLMS,9397395785113700.0,0,,0.31,0.33,0
2ddhwkCN7ZXQmFLMS,9397395785113700.0,0,,0.31,0.33,1
2df7rwuLkpuLdSxS4,4059673615048711.0,0,,1.0,0.05,1
2df7rwuLkpuLdSxS4,4059673615048711.0,0,,1.0,0.05,0
2dg9tgHDetvFZLycp,2059188827926710.0,0,,0.5,0.5,0
2dg9tgHDetvFZLycp,2059188827926710.0,0,,0.5,0.5,1
2dq9GrtjxxmxWMnNA,504599159418477.0,0,,1.0,0.0,1
2dq9GrtjxxmxWMnNA,504599159418477.0,0,,1.0,0.0,0
2ds4dvCrzi3nYn4yq,8810879049328770.0,0,,0.5,0.0,1
2ds4dvCrzi3nYn4yq,8810879049328770.0,0,,0.5,0.0,0
2dsti3hEhaZi5uFzT,3233791176754140.0,0,,0.5,0.79,1
2dsti3hEhaZi5uFzT,3233791176754140.0,0,,0.5,0.79,0
2dzMBLGT45RM3GMBe,5306947102423490.0,2,,0.5,0.5,1
2dzMBLGT45RM3GMBe,5306947102423490.0,2,,0.5,0.5,0
2e3q6hXY7Md2jwE8a,8258890749763550.0,1,,0.5,0.5,1
2e3q6hXY7Md2jwE8a,8258890749763550.0,1,,0.5,0.5,0
2e4ueGwWD54kedHnK,848881130178507.0,1,,0.46,0.93,0
2e4ueGwWD54kedHnK,848881130178507.0,1,,0.46,0.93,0
2e7McPptHNWcjvPHD,7032188264153700.0,0,,0.61,0.3,1
2e7McPptHNWcjvPHD,7032188264153700.0,0,,0.61,0.3,0
2e7ZNXStu4Ki2LcWJ,7840687549541910.0,0,,1.0,0.0,1
2e7ZNXStu4Ki2LcWJ,7840687549541910.0,0,,1.0,0.0,0
2e7ogTFQq4Af33Zmw,7877773464291810.0,0,,0.17,1.0,0
2e7ogTFQq4Af33Zmw,7877773464291810.0,0,,0.17,1.0,0
2eAMruqyTcn8pHb9Z,471834577567538.0,2,,0.5,0.5,0
2eAMruqyTcn8pHb9Z,471834577567538.0,2,,0.5,0.5,1
2eANxPtx7CLZsiQfn,3473198437985960.0,0,,0.5,0.5,1
2eANxPtx7CLZsiQfn,3473198437985960.0,0,,0.5,0.5,0
2eDyidAqmeC53bNKK,4511111911574890.0,0,,0.5,0.81,0
2eDyidAqmeC53bNKK,4511111911574890.0,0,,0.5,0.81,0
2eF7MdctX7NZvTkdv,9183583878912030.0,2,,0.5,0.5,0
2eF7MdctX7NZvTkdv,9183583878912030.0,2,,0.5,0.5,0
2eG5Gx7PsTesJPzPG,4746053779018430.0,0,,0.5,0.58,1
2eG5Gx7PsTesJPzPG,4746053779018430.0,0,,0.5,0.58,0
2eKkyAXouZdGXmBdm,9923401689901800.0,2,,0.5,0.5,0
2eKkyAXouZdGXmBdm,9923401689901800.0,2,,0.5,0.5,0
2eLNdzShgEQQA33yS,9167673174914610.0,0,,0.5,0.5,1
2eLNdzShgEQQA33yS,9167673174914610.0,0,,0.5,0.5,0
2eN6BeFAHND8QEfF3,1786200972073130.0,1,,0.5,0.27,0
2eN6BeFAHND8QEfF3,1786200972073130.0,1,,0.5,0.27,1
2eNunRYJCkDoSfWp6,6264329545921650.0,0,,0.5,0.0,1
2eNunRYJCkDoSfWp6,6264329545921650.0,0,,0.5,0.0,0
2eSay7nYBcgmqxJN4,9703785575591060.0,2,,0.5,0.0,1
2eSay7nYBcgmqxJN4,9703785575591060.0,2,,0.5,0.0,0
2eYKkLcGj8JNKR7pn,1736472155285370.0,2,,0.5,0.5,1
2eYKkLcGj8JNKR7pn,1736472155285370.0,2,,0.5,0.5,0
2eZCG7g4zHsnF9cWf,8062107489845760.0,0,,0.5,0.5,1
2eZCG7g4zHsnF9cWf,8062107489845760.0,0,,0.5,0.5,0
2eay92TCwwtm8GQcr,7563556217876770.0,0,,0.72,0.0,0
2eay92TCwwtm8GQcr,7563556217876770.0,0,,0.72,0.0,1
2edeipSAWPDc64aJN,581354785244911.0,1,,0.5,0.5,1
2edeipSAWPDc64aJN,581354785244911.0,1,,0.5,0.5,0
2f7DWJsTo3cDSTWS3,8860810648965710.0,0,,0.5,0.5,1
2f7DWJsTo3cDSTWS3,8860810648965710.0,0,,0.5,0.5,0
2f84r4QL8ukxbhbea,4817206453050670.0,0,,0.5,0.5,0
2f84r4QL8ukxbhbea,4817206453050670.0,0,,0.5,0.5,1
2fDQiagEJTiXjXqje,8629712691283110.0,0,,0.5,0.5,1
2fDQiagEJTiXjXqje,8629712691283110.0,0,,0.5,0.5,0
2fJuLFibxSLGmwuaQ,7562397539577459.0,1,,0.5,0.5,1
2fJuLFibxSLGmwuaQ,7562397539577459.0,1,,0.5,0.5,0
2fKBk97Bym72PMgCf,3595612260762400.0,0,,0.5,0.5,0
2fKBk97Bym72PMgCf,3595612260762400.0,0,,0.5,0.5,1
2fKtyGNZt4duQP4QP,1840721431631670.0,0,,0.65,0.73,0
2fKtyGNZt4duQP4QP,1840721431631670.0,0,,0.65,0.73,1
2fL4ohbKWt722NdZi,841733714333237.0,2,,0.5,0.5,1
2fL4ohbKWt722NdZi,841733714333237.0,2,,0.5,0.5,0
2fQZtoLRiqpywzkcN,7413496757234770.0,2,,0.5,0.5,0
2fQZtoLRiqpywzkcN,7413496757234770.0,2,,0.5,0.5,0
2fX2auFHfTprb83rK,4519465823737370.0,2,,0.5,0.0,0
2fX2auFHfTprb83rK,4519465823737370.0,2,,0.5,0.0,0
2fZ64pz3pdeYN6gZX,8306009814840950.0,2,,0.5,0.5,0
2fZ64pz3pdeYN6gZX,8306009814840950.0,2,,0.5,0.5,0
2fi2RuNzrdfnNbkuA,7547246754792990.0,0,,0.5,0.5,0
2fi2RuNzrdfnNbkuA,7547246754792990.0,0,,0.5,0.5,0
2fke3irHN3dZLidGg,4271424965420009.5,0,,1.0,0.0,0
2fke3irHN3dZLidGg,4271424965420009.5,0,,1.0,0.0,1
2gFJkBkmW3SRrFvEX,8263978393902490.0,0,,0.88,0.12,0
2gFJkBkmW3SRrFvEX,8263978393902490.0,0,,0.88,0.12,0
2gFLr3EtJPnyvQcp8,3633664034085631.0,0,,0.5,0.5,0
2gFLr3EtJPnyvQcp8,3633664034085631.0,0,,0.5,0.5,0
2gHq3kMvhMvKdBSgH,2478126629983030.0,2,,0.5,0.5,1
2gHq3kMvhMvKdBSgH,2478126629983030.0,2,,0.5,0.5,0
2gNps6KMAZsGyENcJ,62821796971919.0,0,,0.5,0.5,0
2gNps6KMAZsGyENcJ,62821796971919.0,0,,0.5,0.5,1
2gQnhu8io6EgZYMwS,4920529694860000.0,0,,0.5,0.5,0
2gQnhu8io6EgZYMwS,4920529694860000.0,0,,0.5,0.5,1
2gXwd5GLCWTp3XhGQ,2022144733928140.0,0,,0.5,0.5,0
2gXwd5GLCWTp3XhGQ,2022144733928140.0,0,,0.5,0.5,1
2gaeoMntBtAT7pML5,9414564047228120.0,0,,0.5,0.5,1
2gaeoMntBtAT7pML5,9414564047228120.0,0,,0.5,0.5,0
2gbS8uMkuW8Q9ojEt,8415656263444781.0,0,,0.5,0.5,1
2gbS8uMkuW8Q9ojEt,8415656263444781.0,0,,0.5,0.5,0
2gc96C3KrCjqTaSMx,9679878671285620.0,1,,0.11,0.0,0
2gc96C3KrCjqTaSMx,9679878671285620.0,1,,0.11,0.0,1
2giBLEJLMFRZd3YbG,6308986959047620.0,2,,0.5,0.5,1
2giBLEJLMFRZd3YbG,6308986959047620.0,2,,0.5,0.5,0
2gtATTTdva8BvcYYb,327854976342265.0,0,,0.31,0.06,1
2gtATTTdva8BvcYYb,327854976342265.0,0,,0.31,0.06,0
2guWsSnC3eykzrRES,2385200603853250.0,2,,1.0,0.0,0
2guWsSnC3eykzrRES,2385200603853250.0,2,,1.0,0.0,0
2gwajLRZh2qKuBEoE,3506612786609700.0,0,,0.49,0.15,1
2gwajLRZh2qKuBEoE,3506612786609700.0,0,,0.49,0.15,0
2gxwa2WoPmQP3kXCw,3616046828012351.0,1,,0.0,0.0,1
2gxwa2WoPmQP3kXCw,3616046828012351.0,1,,0.0,0.0,0
2hAd6RBtaRjxHgCKD,7408088118262750.0,0,,0.5,0.5,0
2hAd6RBtaRjxHgCKD,7408088118262750.0,0,,0.5,0.5,0
2hTDv6AKZGmbjsWxt,7671173130520710.0,0,,0.5,0.5,1
2hTDv6AKZGmbjsWxt,7671173130520710.0,0,,0.5,0.5,0
2hhgX9tXqmoNHTrnu,9044830795695800.0,0,,0.5,0.17,1
2hhgX9tXqmoNHTrnu,9044830795695800.0,0,,0.5,0.17,0
2hpMGkD8fnxKoKzGi,3500261202721540.0,0,,0.5,0.5,0
2hpMGkD8fnxKoKzGi,3500261202721540.0,0,,0.5,0.5,1
2hxRKJ9mdF47Xgbb7,8990869846057000.0,2,,1.0,1.0,1
2hxRKJ9mdF47Xgbb7,8990869846057000.0,2,,1.0,1.0,0
2hz6Lt2gDeckXL23w,4493670116151440.0,0,,0.5,0.5,0
2hz6Lt2gDeckXL23w,4493670116151440.0,0,,0.5,0.5,0
2i3mFrpZXgBXvNFYJ,3229792970146750.0,0,,0.5,0.5,1
2i3mFrpZXgBXvNFYJ,3229792970146750.0,0,,0.5,0.5,0
2i872YMMjkPc2yjrv,4935593669333180.0,0,,0.5,0.5,0
2i872YMMjkPc2yjrv,4935593669333180.0,0,,0.5,0.5,0
2iDGbjXZ9y8QNzRS4,1438978250341660.0,0,,0.5,0.5,0
2iDGbjXZ9y8QNzRS4,1438978250341660.0,0,,0.5,0.5,0
2iQyJeLBejFRP4u23,4840414407455020.0,0,,0.5,0.21,1
2iQyJeLBejFRP4u23,4840414407455020.0,0,,0.5,0.21,0
2iYYdZvASdgkfzppQ,1070129863390240.0,1,,0.0,0.0,1
2iYYdZvASdgkfzppQ,1070129863390240.0,1,,0.0,0.0,0
2ibpZwGrTpiqAEnzC,2523669471553470.0,0,,0.5,0.5,0
2ibpZwGrTpiqAEnzC,2523669471553470.0,0,,0.5,0.5,1
2icbSeZ65pmC5NnRN,3818245716392991.0,2,,0.5,0.5,0
2icbSeZ65pmC5NnRN,3818245716392991.0,2,,0.5,0.5,1
2iq36H6GQcMx9bk9i,1633637564533470.0,0,,0.62,0.01,1
2iq36H6GQcMx9bk9i,1633637564533470.0,0,,0.62,0.01,0
2ir3NppWY6nui7Wqf,189082184806466.0,0,,1.0,0.0,1
2ir3NppWY6nui7Wqf,189082184806466.0,0,,1.0,0.0,0
2j3LeKKmheZX7KGmf,2734889707827600.0,1,,0.5,0.0,0
2j3LeKKmheZX7KGmf,2734889707827600.0,1,,0.5,0.0,1
2jAmCexAyhMSMSm7A,3033266594957740.0,0,,0.5,0.5,1
2jAmCexAyhMSMSm7A,3033266594957740.0,0,,0.5,0.5,0
2jC6NFyndb8sz5hdk,2424371932471230.0,0,,1.0,0.22,1
2jC6NFyndb8sz5hdk,2424371932471230.0,0,,1.0,0.22,0
2jGwSFEiJh75ReEKk,7105167104604310.0,0,,0.76,0.12,1
2jGwSFEiJh75ReEKk,7105167104604310.0,0,,0.76,0.12,0
2jKXSiobdjrWBaLyu,9474022115397250.0,0,,0.74,0.42,0
2jKXSiobdjrWBaLyu,9474022115397250.0,0,,0.74,0.42,0
2jRXzurunmmsobCuu,4772212629750930.0,0,,0.5,0.5,0
2jRXzurunmmsobCuu,4772212629750930.0,0,,0.5,0.5,0
2jS24eRgk4McuC2mR,793444583128006.0,2,,0.5,0.5,1
2jS24eRgk4McuC2mR,793444583128006.0,2,,0.5,0.5,0
2jWQyAsTFdHd8Mr6H,7102189957542440.0,0,,0.31,0.5,1
2jWQyAsTFdHd8Mr6H,7102189957542440.0,0,,0.31,0.5,0
2jYa6CiTHMoTXACZb,4519835384654250.0,0,,0.5,0.5,1
2jYa6CiTHMoTXACZb,4519835384654250.0,0,,0.5,0.5,0
2jYsW7KGssihCreSD,4499123418040929.5,0,,0.5,0.5,1
2jYsW7KGssihCreSD,4499123418040929.5,0,,0.5,0.5,0
2jZ7BoP8XsiFawmPs,4692382789216940.0,2,,0.5,0.5,1
2jZ7BoP8XsiFawmPs,4692382789216940.0,2,,0.5,0.5,0
2jhARE5EJGjgrWvz9,7919529315538781.0,0,,0.5,0.5,1
2jhARE5EJGjgrWvz9,7919529315538781.0,0,,0.5,0.5,0
2jiqmvqKeXxwfQh7a,258617831582363.0,0,,0.5,0.5,0
2jiqmvqKeXxwfQh7a,258617831582363.0,0,,0.5,0.5,1
2jk3KkALz3apacbkQ,6013494087104040.0,0,,0.88,0.1,0
2jk3KkALz3apacbkQ,6013494087104040.0,0,,0.88,0.1,1
2jk8uq89Zdmrtubcy,7742340310753570.0,0,,0.0,0.58,0
2jk8uq89Zdmrtubcy,7742340310753570.0,0,,0.0,0.58,1
2joPbBGJLK94xLbJP,6365681918017730.0,0,,0.81,0.85,1
2joPbBGJLK94xLbJP,6365681918017730.0,0,,0.81,0.85,0
2jsf6wLjdtuksjxdu,7399383111456680.0,0,,0.5,0.42,1
2jsf6wLjdtuksjxdu,7399383111456680.0,0,,0.5,0.42,0
2jvKpHJz26JgRMwBN,3763718866730240.0,2,,0.5,0.5,0
2jvKpHJz26JgRMwBN,3763718866730240.0,2,,0.5,0.5,1
2k97CyCzRdZcDmmEv,3241031535127670.0,0,,0.77,0.38,1
2k97CyCzRdZcDmmEv,3241031535127670.0,0,,0.77,0.38,0
2k9hj9nMSNMSNxTrn,8012736707878819.0,0,,0.0,0.0,1
2k9hj9nMSNMSNxTrn,8012736707878819.0,0,,0.0,0.0,0
2kB8MMiXFtNH3YuFS,2019482899868180.0,0,,0.72,0.25,0
2kB8MMiXFtNH3YuFS,2019482899868180.0,0,,0.72,0.25,0
2kEr3iPWwq2JG2Mo3,6099169074942480.0,0,,0.5,0.5,1
2kEr3iPWwq2JG2Mo3,6099169074942480.0,0,,0.5,0.5,0
2kFQTP8WyRdsgpdE5,984626144531581.0,0,,0.5,0.5,1
2kFQTP8WyRdsgpdE5,984626144531581.0,0,,0.5,0.5,0
2kJ7Hx9A7o3kwjHj7,2991280218166230.0,0,,0.5,0.0,0
2kJ7Hx9A7o3kwjHj7,2991280218166230.0,0,,0.5,0.0,0
2kQaX77wmqapyAy5v,798527273064909.0,0,,0.9,0.0,1
2kQaX77wmqapyAy5v,798527273064909.0,0,,0.9,0.0,0
2kR39o6cFeuWkZR8B,8221047621073219.0,0,,0.0,0.0,1
2kR39o6cFeuWkZR8B,8221047621073219.0,0,,0.0,0.0,0
2kXbBFHBCkbiGXnGJ,6088660794187790.0,0,,0.41,0.9,1
2kXbBFHBCkbiGXnGJ,6088660794187790.0,0,,0.41,0.9,0
2keWJNWERgZwst7iZ,4210553055613640.0,0,,0.5,0.5,1
2keWJNWERgZwst7iZ,4210553055613640.0,0,,0.5,0.5,0
2km4Wii4xTrz6ydzx,9146215437127430.0,0,,0.5,0.0,0
2km4Wii4xTrz6ydzx,9146215437127430.0,0,,0.5,0.0,0
2kp7M6fvXs4Wb9ZvR,9845246522847940.0,0,,1.0,0.75,0
2kp7M6fvXs4Wb9ZvR,9845246522847940.0,0,,1.0,0.75,0
2ksw8e3TSaGF3a8ux,8922951498149450.0,2,,1.0,0.0,1
2ksw8e3TSaGF3a8ux,8922951498149450.0,2,,1.0,0.0,0
2kyf7KhaEv6JTBvvQ,2520720807735770.0,0,,0.5,0.5,0
2kyf7KhaEv6JTBvvQ,2520720807735770.0,0,,0.5,0.5,0
2m53K3GMhyF6e78E6,9163325681824430.0,1,,0.5,0.5,0
2m53K3GMhyF6e78E6,9163325681824430.0,1,,0.5,0.5,1
2m6zEJ6Tk5mBih95Z,2675264595264970.0,0,,0.5,0.5,0
2m6zEJ6Tk5mBih95Z,2675264595264970.0,0,,0.5,0.5,0
2m7ZHmL9LfRgZrddS,5961538795682730.0,0,,0.5,0.5,0
2m7ZHmL9LfRgZrddS,5961538795682730.0,0,,0.5,0.5,0
2m7tZcgwNy6dz8AQd,4778719372409240.0,0,,0.5,0.5,1
2m7tZcgwNy6dz8AQd,4778719372409240.0,0,,0.5,0.5,0
2mXLzasyoNjTbc7ca,8354391907739530.0,0,,0.5,0.5,1
2mXLzasyoNjTbc7ca,8354391907739530.0,0,,0.5,0.5,0
2mmsMKL8n6dc6vrDk,3439662646106220.0,2,,0.5,0.5,0
2mmsMKL8n6dc6vrDk,3439662646106220.0,2,,0.5,0.5,0
2mtBz9YxZARFwGJk2,4794065564163010.0,1,,0.0,1.0,1
2mtBz9YxZARFwGJk2,4794065564163010.0,1,,0.0,1.0,0
2n5zGQejWaMJzwbpP,3362859697895580.0,0,,0.5,0.0,0
2n5zGQejWaMJzwbpP,3362859697895580.0,0,,0.5,0.0,0
2n9fPeonQaJohDWeF,7270262537058440.0,0,,0.5,0.5,0
2n9fPeonQaJohDWeF,7270262537058440.0,0,,0.5,0.5,1
2nMwwKT9LN5TsTsJr,8920031384972190.0,0,,0.0,0.26,0
2nMwwKT9LN5TsTsJr,8920031384972190.0,0,,0.0,0.26,1
2nWuLu9YApF9tHkZT,589900663165379.0,0,,0.5,0.0,0
2nWuLu9YApF9tHkZT,589900663165379.0,0,,0.5,0.0,0
2njjGx5vTKXkQHKb6,785030339236443.0,0,,0.41,0.6,0
2njjGx5vTKXkQHKb6,785030339236443.0,0,,0.41,0.6,0
2nk8cYu2XsMw9XGmz,8365335901734621.0,0,,0.56,0.52,1
2nk8cYu2XsMw9XGmz,8365335901734621.0,0,,0.56,0.52,0
2nsvJQdpgYuz7NGyL,3884407249009780.0,0,,0.5,0.5,1
2nsvJQdpgYuz7NGyL,3884407249009780.0,0,,0.5,0.5,0
2nzcHdHKCEPMaG6pT,3094407187311600.0,0,,0.5,0.5,1
2nzcHdHKCEPMaG6pT,3094407187311600.0,0,,0.5,0.5,0
2o7hkResywwBRTYtt,1427459354676650.0,2,,0.5,0.72,0
2o7hkResywwBRTYtt,1427459354676650.0,2,,0.5,0.72,1
2oHNiHvc87PCWKWXW,4056875354821340.0,0,,0.5,0.5,1
2oHNiHvc87PCWKWXW,4056875354821340.0,0,,0.5,0.5,0
2oQGefi5xbmgE93ki,9707328426460170.0,0,,0.5,0.5,0
2oQGefi5xbmgE93ki,9707328426460170.0,0,,0.5,0.5,1
2om3GJu3teWawx2pG,6338565107835320.0,2,,0.5,0.5,0
2om3GJu3teWawx2pG,6338565107835320.0,2,,0.5,0.5,0
2ooMG5RCMRgjY2Zmz,7269117826458590.0,2,,0.5,0.74,0
2ooMG5RCMRgjY2Zmz,7269117826458590.0,2,,0.5,0.74,0
2otgfxceFvKj7teRG,8959102196906210.0,2,,0.0,0.0,0
2otgfxceFvKj7teRG,8959102196906210.0,2,,0.0,0.0,1
2p2dX9BDxCXqtS4uw,1276965470084320.0,2,,0.78,0.68,0
2p2dX9BDxCXqtS4uw,1276965470084320.0,2,,0.78,0.68,0
2p4MvWruD2oyzk84W,1828496954988560.0,0,,0.5,0.5,1
2p4MvWruD2oyzk84W,1828496954988560.0,0,,0.5,0.5,0
2pHqYXw5R6rNnwdxG,8795342231169341.0,0,,0.7,0.37,1
2pHqYXw5R6rNnwdxG,8795342231169341.0,0,,0.7,0.37,0
2pLcGAQkBzvij7C6D,5908001713554510.0,0,,0.5,0.5,1
2pLcGAQkBzvij7C6D,5908001713554510.0,0,,0.5,0.5,0
2pq4ZxqmP9Ng9nQN3,4303203357745380.0,0,,0.5,0.5,1
2pq4ZxqmP9Ng9nQN3,4303203357745380.0,0,,0.5,0.5,0
2pyLCxw5uzBPMWDCm,644407889340072.0,1,,0.5,0.5,0
2pyLCxw5uzBPMWDCm,644407889340072.0,1,,0.5,0.5,0
2q9myQkZgqC9ihmqB,1479090326850670.0,0,,0.5,0.0,0
2q9myQkZgqC9ihmqB,1479090326850670.0,0,,0.5,0.0,0
2q9weDCBeGAxsxLt2,3213551009468550.0,0,,0.5,0.5,0
2q9weDCBeGAxsxLt2,3213551009468550.0,0,,0.5,0.5,1
2qEtmnXB6AALNYnqC,1752522465700740.0,0,,0.5,0.54,0
2qEtmnXB6AALNYnqC,1752522465700740.0,0,,0.5,0.54,0
2qFJae6W2uRSaE5xu,752254886517987.0,0,,0.5,0.0,0
2qFJae6W2uRSaE5xu,752254886517987.0,0,,0.5,0.0,0
2qLoPiBtgWTSc33kp,9402274193605430.0,0,,1.0,1.0,0
2qLoPiBtgWTSc33kp,9402274193605430.0,0,,1.0,1.0,0
2qLwbHkYAjGkzDrZK,3015552743526110.0,1,,0.5,0.5,1
2qLwbHkYAjGkzDrZK,3015552743526110.0,1,,0.5,0.5,0
2qvKPhhNAyK2o3qNH,2496160478055740.0,0,,0.5,0.5,0
2qvKPhhNAyK2o3qNH,2496160478055740.0,0,,0.5,0.5,0
2r3sHj4CTb4M4B2Ag,6023861390636290.0,0,,0.5,0.5,1
2r3sHj4CTb4M4B2Ag,6023861390636290.0,0,,0.5,0.5,0
2rGuzSt5eX6Jw4fg6,1840721431631670.0,0,,0.65,0.73,1
2rGuzSt5eX6Jw4fg6,1840721431631670.0,0,,0.65,0.73,0
2rN2yXSc3Fu63aD6z,1684352823715700.0,0,,0.5,0.0,1
2rN2yXSc3Fu63aD6z,1684352823715700.0,0,,0.5,0.0,0
2rRZp9sPtivEbiPjo,9497486453125670.0,0,,0.5,0.5,1
2rRZp9sPtivEbiPjo,9497486453125670.0,0,,0.5,0.5,0
2rZGbpmhPEPvDemyA,7638469835627690.0,0,,0.5,0.5,0
2rZGbpmhPEPvDemyA,7638469835627690.0,0,,0.5,0.5,1
2rfHabMDsuTRZdEeN,9956136932149670.0,2,,0.5,0.5,1
2rfHabMDsuTRZdEeN,9956136932149670.0,2,,0.5,0.5,0
2rgCWLwWdxJYZyE9q,1175644175926560.0,2,,0.79,0.0,0
2rgCWLwWdxJYZyE9q,1175644175926560.0,2,,0.79,0.0,0
2riq6oZDdMW8hSZdc,5908238172066800.0,0,,0.5,0.5,1
2riq6oZDdMW8hSZdc,5908238172066800.0,0,,0.5,0.5,0
2rnyByMACCT3pf32G,1461358434770220.0,0,,0.5,0.5,0
2rnyByMACCT3pf32G,1461358434770220.0,0,,0.5,0.5,1
2roHNehpYqdcemo4b,8881436285690480.0,0,,0.5,0.5,1
2roHNehpYqdcemo4b,8881436285690480.0,0,,0.5,0.5,0
2s5vSMuJTL4xgecSB,7908525350804770.0,2,,0.5,0.5,0
2s5vSMuJTL4xgecSB,7908525350804770.0,2,,0.5,0.5,0
2sMM4XP6FNetRLeWF,4747676955361610.0,0,,0.5,0.5,0
2sMM4XP6FNetRLeWF,4747676955361610.0,0,,0.5,0.5,1
2sMrf55KnMFC5ZCtp,7427274482889610.0,2,,0.5,0.5,1
2sMrf55KnMFC5ZCtp,7427274482889610.0,2,,0.5,0.5,0
2sTPxQYGBXqtWmqnj,9483787741519130.0,0,,0.5,0.5,0
2sTPxQYGBXqtWmqnj,9483787741519130.0,0,,0.5,0.5,0
2sa4pCTronj78zuiT,6722423071041700.0,0,,0.2,0.32,0
2sa4pCTronj78zuiT,6722423071041700.0,0,,0.2,0.32,1
2sjbw3Ss4SFYod2bB,6943272793046680.0,0,,1.0,0.0,1
2sjbw3Ss4SFYod2bB,6943272793046680.0,0,,1.0,0.0,0
2ssCTE2RD6CCRSMHw,5890199951075620.0,0,,0.5,0.5,0
2ssCTE2RD6CCRSMHw,5890199951075620.0,0,,0.5,0.5,0
2svXH7r5M8xYRXhcL,1415894325406210.0,0,,0.5,0.0,0
2svXH7r5M8xYRXhcL,1415894325406210.0,0,,0.5,0.0,0
2sxdXJHqsfMHXJkDS,9740717618441660.0,2,,0.5,0.5,1
2sxdXJHqsfMHXJkDS,9740717618441660.0,2,,0.5,0.5,0
2syGcehbwN7DLTBrK,1542585416500910.0,0,,0.5,0.5,0
2syGcehbwN7DLTBrK,1542585416500910.0,0,,0.5,0.5,0
2sypz6pctyg3XXDzM,8893080479725219.0,0,,0.5,0.5,1
2sypz6pctyg3XXDzM,8893080479725219.0,0,,0.5,0.5,0
2t2aexHxADr3G62pc,5107159009062370.0,0,,0.5,0.29,0
2t2aexHxADr3G62pc,5107159009062370.0,0,,0.5,0.29,0
2t5MmY6jELkG4YBov,7876583697753530.0,0,,0.0,0.8,0
2t5MmY6jELkG4YBov,7876583697753530.0,0,,0.0,0.8,0
2t74Gr5wCzzKxqrSK,6914115903608840.0,0,,0.5,0.5,0
2t74Gr5wCzzKxqrSK,6914115903608840.0,0,,0.5,0.5,1
2t8g7gg3YSCHmg64D,8262837066701790.0,0,,0.5,0.0,1
2t8g7gg3YSCHmg64D,8262837066701790.0,0,,0.5,0.0,0
2tHMiBDeASij3X6fe,8692544084464350.0,0,,0.5,0.5,0
2tHMiBDeASij3X6fe,8692544084464350.0,0,,0.5,0.5,1
2tKJdoMiG3hG6AERf,4453446045532980.0,0,,1.0,1.0,0
2tKJdoMiG3hG6AERf,4453446045532980.0,0,,1.0,1.0,1
2tZh8SrmrrgAsmBRh,8016517045923560.0,0,,1.0,0.0,1
2tZh8SrmrrgAsmBRh,8016517045923560.0,0,,1.0,0.0,0
2tfsj5gXdoaTZ2GXZ,3914329812739160.0,0,,0.5,0.5,1
2tfsj5gXdoaTZ2GXZ,3914329812739160.0,0,,0.5,0.5,0
2tgpD7RSCb6zvo6SM,5651441721284050.0,0,,0.5,0.76,0
2tgpD7RSCb6zvo6SM,5651441721284050.0,0,,0.5,0.76,0
2tkdqwtgpe6n4tj5o,8560168270935619.0,0,,0.5,0.5,0
2tkdqwtgpe6n4tj5o,8560168270935619.0,0,,0.5,0.5,0
2tpfQ8dmawSKDfv3J,3564090306213680.0,0,,0.14,0.83,0
2tpfQ8dmawSKDfv3J,3564090306213680.0,0,,0.14,0.83,1
2troqKNgMzfthMrjH,4555100524041540.0,1,,0.67,0.01,1
2troqKNgMzfthMrjH,4555100524041540.0,1,,0.67,0.01,0
2ttgER4LKwjkPSEkW,2574156321653160.0,0,,0.5,1.0,1
2ttgER4LKwjkPSEkW,2574156321653160.0,0,,0.5,1.0,0
2txReAJE9ecK3JDed,2172589650045610.0,0,,0.5,0.09,0
2txReAJE9ecK3JDed,2172589650045610.0,0,,0.5,0.09,1
2u9PwqpnmiM6FKTy8,8324314511846750.0,0,,0.5,0.5,0
2u9PwqpnmiM6FKTy8,8324314511846750.0,0,,0.5,0.5,0
2uHjHdNtAswsceBNY,6746387541581560.0,2,,0.5,0.0,1
2uHjHdNtAswsceBNY,6746387541581560.0,2,,0.5,0.0,0
2ukwMriYu2P4bK8oS,9249143362638910.0,2,,0.5,0.5,0
2ukwMriYu2P4bK8oS,9249143362638910.0,2,,0.5,0.5,1
2upZGyztvPQMaKZR7,6902926281507390.0,0,,0.5,0.5,1
2upZGyztvPQMaKZR7,6902926281507390.0,0,,0.5,0.5,0
